epoch,loss
0,178.156494140625
1,162.74392700195312
