epoch,loss
0,178.156494140625
1,158.201904296875
