epoch,loss,val_loss
0,177.9153289794922,171.12501525878906
