Epoch,Samples,Mean CER,Mean CER (Norm),Mean WER,Mean WER (Norm),Mean BLEU,Mean BLEU (Norm)
0,2,37.00000,0.97368,7.00000,1.00000,0.40277,0.40277
1,2,37.00000,0.97368,7.00000,1.00000,0.40277,0.40277
